{"cameraMode":{"drawMode":0,"name":"Shaded","section":"Shading Mode"},"sceneLighting":false,"audioPlay":false,"sceneViewState":{"showFog":false,"showMaterialUpdate":false,"showSkybox":false,"showFlares":false,"showImageEffects":false,"showParticleSystems":false},"in2DMode":false,"pivot":{"x":-25.315277099609376,"y":6.604819297790527,"z":14.511829376220704},"rotation":{"x":0.057988714426755908,"y":-0.4753149151802063,"z":0.03141641989350319,"w":0.8773419857025147},"size":50.56184387207031,"orthographic":false}