{"cameraMode":{"drawMode":0,"name":"Shaded","section":"Shading Mode"},"sceneLighting":true,"audioPlay":false,"sceneViewState":{"showFog":false,"showMaterialUpdate":false,"showSkybox":false,"showFlares":false,"showImageEffects":false,"showParticleSystems":false},"in2DMode":false,"pivot":{"x":8.720377922058106,"y":6.314831733703613,"z":-46.42377853393555},"rotation":{"x":0.20327550172805787,"y":-0.21677541732788087,"z":0.046204712241888049,"w":0.9537078738212586},"size":0.8660253882408142,"orthographic":false}