{"cameraMode":{"drawMode":0,"name":"Shaded","section":"Shading Mode"},"sceneLighting":false,"audioPlay":false,"sceneViewState":{"showFog":false,"showMaterialUpdate":false,"showSkybox":false,"showFlares":false,"showImageEffects":false,"showParticleSystems":false},"in2DMode":false,"pivot":{"x":11.002007484436036,"y":0.818478524684906,"z":3.3547706604003908},"rotation":{"x":0.04167547449469566,"y":0.6848881244659424,"z":-0.039293453097343448,"w":0.7263954877853394},"size":10.0,"orthographic":false}