{"cameraMode":{"drawMode":0,"name":"Shaded","section":"Shading Mode"},"sceneLighting":false,"audioPlay":false,"sceneViewState":{"showFog":false,"showMaterialUpdate":false,"showSkybox":false,"showFlares":false,"showImageEffects":false,"showParticleSystems":false},"in2DMode":false,"pivot":{"x":455.6977844238281,"y":226.9365692138672,"z":571.0096435546875},"rotation":{"x":0.0029999958351254465,"y":0.001499956357292831,"z":-0.000004503643594944151,"w":0.9999933838844299},"size":527.5272827148438,"orthographic":false}