{"cameraMode":{"drawMode":0,"name":"Shaded","section":"Shading Mode"},"sceneLighting":false,"audioPlay":false,"sceneViewState":{"showFog":true,"showMaterialUpdate":false,"showSkybox":false,"showFlares":true,"showImageEffects":true,"showParticleSystems":true},"in2DMode":false,"pivot":{"x":5.773793697357178,"y":5.707088947296143,"z":-34.116493225097659},"rotation":{"x":0.07347231358289719,"y":-0.8458700180053711,"z":0.12083953619003296,"w":0.5143065452575684},"size":0.8660253882408142,"orthographic":false}