{"cameraMode":{"drawMode":0,"name":"Shaded","section":"Shading Mode"},"sceneLighting":false,"audioPlay":false,"sceneViewState":{"showFog":false,"showMaterialUpdate":false,"showSkybox":false,"showFlares":false,"showImageEffects":false,"showParticleSystems":false},"in2DMode":false,"pivot":{"x":0.0,"y":1.4600000381469727,"z":-43.900001525878909},"rotation":{"x":0.1532929390668869,"y":0.0014824458630755544,"z":-0.00022437170264311135,"w":0.9881909489631653},"size":0.8660253882408142,"orthographic":false}